<?xml version="1.0"?>
<link_info>
   <banner>TMS320C6x Linker PC v7.4.20</banner>
   <copyright>Copyright (c) 1996-2015 Texas Instruments Incorporated</copyright>
   <link_time>0x5c58cd75</link_time>
   <output_file>APP3.out</output_file>
   <entry_point>
      <name>_c_int00</name>
      <address>0x2e00</address>
   </entry_point>
   <input_file_list>
      <input_file id="fl-2">
         <path>.\source\asm\</path>
         <kind>object</kind>
         <file>Vectors_intr.obj</file>
         <name>Vectors_intr.obj</name>
      </input_file>
      <input_file id="fl-3">
         <path>.\source\asm\</path>
         <kind>object</kind>
         <file>setup_interruption.obj</file>
         <name>setup_interruption.obj</name>
      </input_file>
      <input_file id="fl-4">
         <path>.\source\c\</path>
         <kind>object</kind>
         <file>C6713Helper_UdeS.obj</file>
         <name>C6713Helper_UdeS.obj</name>
      </input_file>
      <input_file id="fl-5">
         <path>.\source\c\</path>
         <kind>object</kind>
         <file>main.obj</file>
         <name>main.obj</name>
      </input_file>
      <input_file id="fl-83">
         <path>C:\ti\ccsv7\tools\compiler\c6000_7.4.20\lib\</path>
         <kind>archive</kind>
         <file>rts6700.lib</file>
         <name>boot.obj</name>
      </input_file>
      <input_file id="fl-84">
         <path>C:\ti\ccsv7\tools\compiler\c6000_7.4.20\lib\</path>
         <kind>archive</kind>
         <file>rts6700.lib</file>
         <name>exit.obj</name>
      </input_file>
      <input_file id="fl-85">
         <path>C:\ti\ccsv7\tools\compiler\c6000_7.4.20\lib\</path>
         <kind>archive</kind>
         <file>rts6700.lib</file>
         <name>args_main.obj</name>
      </input_file>
      <input_file id="fl-86">
         <path>C:\ti\ccsv7\tools\compiler\c6000_7.4.20\lib\</path>
         <kind>archive</kind>
         <file>rts6700.lib</file>
         <name>autoinit.obj</name>
      </input_file>
      <input_file id="fl-87">
         <path>C:\ti\ccsv7\tools\compiler\c6000_7.4.20\lib\</path>
         <kind>archive</kind>
         <file>rts6700.lib</file>
         <name>cpp_init.obj</name>
      </input_file>
      <input_file id="fl-88">
         <path>C:\ti\ccsv7\tools\compiler\c6000_7.4.20\lib\</path>
         <kind>archive</kind>
         <file>rts6700.lib</file>
         <name>cpy_tbl.obj</name>
      </input_file>
      <input_file id="fl-89">
         <path>C:\ti\ccsv7\tools\compiler\c6000_7.4.20\lib\</path>
         <kind>archive</kind>
         <file>rts6700.lib</file>
         <name>memcpy62.obj</name>
      </input_file>
      <input_file id="fl-8a">
         <path>C:\ti\ccsv7\ccs_base\C6xCSL\lib_3x\</path>
         <kind>archive</kind>
         <file>csl6713.lib</file>
         <name>csl_irq.obj</name>
      </input_file>
      <input_file id="fl-8b">
         <path>C:\ti\ccsv7\ccs_base\C6xCSL\lib_3x\</path>
         <kind>archive</kind>
         <file>csl6713.lib</file>
         <name>csl_mcbsp.obj</name>
      </input_file>
      <input_file id="fl-8c">
         <path>C:\ti\dsk6713\lib\</path>
         <kind>archive</kind>
         <file>dsk6713bsl.lib</file>
         <name>dsk6713.obj</name>
      </input_file>
      <input_file id="fl-8d">
         <path>C:\ti\dsk6713\lib\</path>
         <kind>archive</kind>
         <file>dsk6713bsl.lib</file>
         <name>dsk6713_aic23_closecodec.obj</name>
      </input_file>
      <input_file id="fl-8e">
         <path>C:\ti\dsk6713\lib\</path>
         <kind>archive</kind>
         <file>dsk6713bsl.lib</file>
         <name>dsk6713_aic23_opencodec.obj</name>
      </input_file>
      <input_file id="fl-8f">
         <path>C:\ti\dsk6713\lib\</path>
         <kind>archive</kind>
         <file>dsk6713bsl.lib</file>
         <name>dsk6713_aic23_registers.obj</name>
      </input_file>
      <input_file id="fl-90">
         <path>C:\ti\dsk6713\lib\</path>
         <kind>archive</kind>
         <file>dsk6713bsl.lib</file>
         <name>dsk6713_aic23_setfreq.obj</name>
      </input_file>
      <input_file id="fl-91">
         <path>C:\ti\ccsv7\tools\compiler\c6000_7.4.20\lib\</path>
         <kind>archive</kind>
         <file>rts6700.lib</file>
         <name>strasg.obj</name>
      </input_file>
   </input_file_list>
   <object_component_list>
      <object_component id="oc-21">
         <name>.EXT_RAM</name>
         <uninitialized>true</uninitialized>
         <run_address>0x80000000</run_address>
         <size>0x75300</size>
         <input_file_ref idref="fl-5"/>
      </object_component>
      <object_component id="oc-10">
         <name>.vectors</name>
         <load_address>0x0</load_address>
         <run_address>0x0</run_address>
         <size>0x200</size>
         <input_file_ref idref="fl-2"/>
      </object_component>
      <object_component id="oc-6c">
         <name>.text</name>
         <load_address>0x220</load_address>
         <run_address>0x220</run_address>
         <size>0x7e0</size>
         <input_file_ref idref="fl-4"/>
      </object_component>
      <object_component id="oc-6b">
         <name>.text</name>
         <load_address>0xa00</load_address>
         <run_address>0xa00</run_address>
         <size>0x7e0</size>
         <input_file_ref idref="fl-5"/>
      </object_component>
      <object_component id="oc-49">
         <name>.text</name>
         <load_address>0x11e0</load_address>
         <run_address>0x11e0</run_address>
         <size>0x480</size>
         <input_file_ref idref="fl-8c"/>
      </object_component>
      <object_component id="oc-22">
         <name>.text:retain</name>
         <load_address>0x1660</load_address>
         <run_address>0x1660</run_address>
         <size>0x420</size>
         <input_file_ref idref="fl-5"/>
      </object_component>
      <object_component id="oc-53">
         <name>.text</name>
         <load_address>0x1a80</load_address>
         <run_address>0x1a80</run_address>
         <size>0x320</size>
         <input_file_ref idref="fl-8e"/>
      </object_component>
      <object_component id="oc-72">
         <name>.text:_memcpy</name>
         <load_address>0x1da0</load_address>
         <run_address>0x1da0</run_address>
         <size>0x240</size>
         <input_file_ref idref="fl-89"/>
      </object_component>
      <object_component id="oc-7c">
         <name>.text:_IRQ_map</name>
         <load_address>0x1fe0</load_address>
         <run_address>0x1fe0</run_address>
         <size>0x1c0</size>
         <input_file_ref idref="fl-8a"/>
      </object_component>
      <object_component id="oc-81">
         <name>.text:_MCBSP_reset</name>
         <load_address>0x21a0</load_address>
         <run_address>0x21a0</run_address>
         <size>0x1a0</size>
         <input_file_ref idref="fl-8b"/>
      </object_component>
      <object_component id="oc-59">
         <name>.text</name>
         <load_address>0x2340</load_address>
         <run_address>0x2340</run_address>
         <size>0x160</size>
         <input_file_ref idref="fl-8f"/>
      </object_component>
      <object_component id="oc-6f">
         <name>.text:_MCBSP_open</name>
         <load_address>0x24a0</load_address>
         <run_address>0x24a0</run_address>
         <size>0x100</size>
         <input_file_ref idref="fl-8b"/>
      </object_component>
      <object_component id="oc-70">
         <name>.text:_MCBSP_start</name>
         <load_address>0x25a0</load_address>
         <run_address>0x25a0</run_address>
         <size>0x100</size>
         <input_file_ref idref="fl-8b"/>
      </object_component>
      <object_component id="oc-68">
         <name>.text:__auto_init</name>
         <load_address>0x26a0</load_address>
         <run_address>0x26a0</run_address>
         <size>0x100</size>
         <input_file_ref idref="fl-86"/>
      </object_component>
      <object_component id="oc-6d">
         <name>.text:__strasg</name>
         <load_address>0x27a0</load_address>
         <run_address>0x27a0</run_address>
         <size>0xe0</size>
         <input_file_ref idref="fl-91"/>
      </object_component>
      <object_component id="oc-6a">
         <name>.text:_exit</name>
         <load_address>0x2880</load_address>
         <run_address>0x2880</run_address>
         <size>0xe0</size>
         <input_file_ref idref="fl-84"/>
      </object_component>
      <object_component id="oc-71">
         <name>.text:_copy_in</name>
         <load_address>0x2960</load_address>
         <run_address>0x2960</run_address>
         <size>0xc0</size>
         <input_file_ref idref="fl-88"/>
      </object_component>
      <object_component id="oc-5f">
         <name>.text</name>
         <load_address>0x2a20</load_address>
         <run_address>0x2a20</run_address>
         <size>0xc0</size>
         <input_file_ref idref="fl-90"/>
      </object_component>
      <object_component id="oc-14">
         <name>.text</name>
         <load_address>0x2ae0</load_address>
         <run_address>0x2ae0</run_address>
         <size>0xc0</size>
         <input_file_ref idref="fl-3"/>
      </object_component>
      <object_component id="oc-6e">
         <name>.text:_MCBSP_close</name>
         <load_address>0x2ba0</load_address>
         <run_address>0x2ba0</run_address>
         <size>0xa0</size>
         <input_file_ref idref="fl-8b"/>
      </object_component>
      <object_component id="oc-75">
         <name>.text:_MCBSP_config</name>
         <load_address>0x2c40</load_address>
         <run_address>0x2c40</run_address>
         <size>0xa0</size>
         <input_file_ref idref="fl-8b"/>
      </object_component>
      <object_component id="oc-82">
         <name>.text:_setMux</name>
         <load_address>0x2ce0</load_address>
         <run_address>0x2ce0</run_address>
         <size>0xa0</size>
         <input_file_ref idref="fl-8a"/>
      </object_component>
      <object_component id="oc-73">
         <name>.text:___TI_cpp_init</name>
         <load_address>0x2d80</load_address>
         <run_address>0x2d80</run_address>
         <size>0x80</size>
         <input_file_ref idref="fl-87"/>
      </object_component>
      <object_component id="oc-e">
         <name>.text:_c_int00</name>
         <load_address>0x2e00</load_address>
         <run_address>0x2e00</run_address>
         <size>0x80</size>
         <input_file_ref idref="fl-83"/>
      </object_component>
      <object_component id="oc-4f">
         <name>.text</name>
         <load_address>0x2e80</load_address>
         <run_address>0x2e80</run_address>
         <size>0x80</size>
         <input_file_ref idref="fl-8d"/>
      </object_component>
      <object_component id="oc-80">
         <name>.text:_IRQ_enable</name>
         <load_address>0x2f00</load_address>
         <run_address>0x2f00</run_address>
         <size>0x40</size>
         <input_file_ref idref="fl-8a"/>
      </object_component>
      <object_component id="oc-7d">
         <name>.text:_IRQ_reset</name>
         <load_address>0x2f40</load_address>
         <run_address>0x2f40</run_address>
         <size>0x40</size>
         <input_file_ref idref="fl-8a"/>
      </object_component>
      <object_component id="oc-69">
         <name>.text:__args_main</name>
         <load_address>0x2f80</load_address>
         <run_address>0x2f80</run_address>
         <size>0x40</size>
         <input_file_ref idref="fl-85"/>
      </object_component>
      <object_component id="oc-f">
         <name>.text</name>
         <load_address>0x2fc0</load_address>
         <run_address>0x2fc0</run_address>
         <size>0x20</size>
         <input_file_ref idref="fl-2"/>
      </object_component>
      <object_component id="oc-7a">
         <name>.text:_IRQ_globalDisable</name>
         <load_address>0x2fe0</load_address>
         <run_address>0x2fe0</run_address>
         <size>0x20</size>
         <input_file_ref idref="fl-8a"/>
      </object_component>
      <object_component id="oc-7e">
         <name>.text:_IRQ_globalEnable</name>
         <load_address>0x3000</load_address>
         <run_address>0x3000</run_address>
         <size>0x20</size>
         <input_file_ref idref="fl-8a"/>
      </object_component>
      <object_component id="oc-7f">
         <name>.text:_IRQ_nmiEnable</name>
         <load_address>0x3020</load_address>
         <run_address>0x3020</run_address>
         <size>0x20</size>
         <input_file_ref idref="fl-8a"/>
      </object_component>
      <object_component id="oc-7b">
         <name>.text:_MCBSP_getXmtEventId</name>
         <load_address>0x3040</load_address>
         <run_address>0x3040</run_address>
         <size>0x20</size>
         <input_file_ref idref="fl-8b"/>
      </object_component>
      <object_component id="oc-79">
         <name>.text:_MCBSP_read</name>
         <load_address>0x3060</load_address>
         <run_address>0x3060</run_address>
         <size>0x20</size>
         <input_file_ref idref="fl-8b"/>
      </object_component>
      <object_component id="oc-78">
         <name>.text:_MCBSP_rrdy</name>
         <load_address>0x3080</load_address>
         <run_address>0x3080</run_address>
         <size>0x20</size>
         <input_file_ref idref="fl-8b"/>
      </object_component>
      <object_component id="oc-77">
         <name>.text:_MCBSP_write</name>
         <load_address>0x30a0</load_address>
         <run_address>0x30a0</run_address>
         <size>0x20</size>
         <input_file_ref idref="fl-8b"/>
      </object_component>
      <object_component id="oc-76">
         <name>.text:_MCBSP_xrdy</name>
         <load_address>0x30c0</load_address>
         <run_address>0x30c0</run_address>
         <size>0x20</size>
         <input_file_ref idref="fl-8b"/>
      </object_component>
      <object_component id="oc-74">
         <name>.text:_abort</name>
         <load_address>0x30e0</load_address>
         <run_address>0x30e0</run_address>
         <size>0x20</size>
         <input_file_ref idref="fl-84"/>
      </object_component>
      <object_component id="oc-3e">
         <name>.text</name>
         <load_address>0x3100</load_address>
         <run_address>0x3100</run_address>
         <size>0x20</size>
         <input_file_ref idref="fl-8a"/>
      </object_component>
      <object_component id="oc-3f">
         <name>.cinit</name>
         <load_address>0x4758</load_address>
         <run_address>0x4758</run_address>
         <size>0x12c</size>
         <input_file_ref idref="fl-8a"/>
      </object_component>
      <object_component id="oc-1f">
         <name>.cinit</name>
         <load_address>0x4888</load_address>
         <run_address>0x4888</run_address>
         <size>0xc8</size>
         <input_file_ref idref="fl-5"/>
      </object_component>
      <object_component id="oc-19">
         <name>.cinit</name>
         <load_address>0x4950</load_address>
         <run_address>0x4950</run_address>
         <size>0x58</size>
         <input_file_ref idref="fl-4"/>
      </object_component>
      <object_component id="oc-44">
         <name>.cinit</name>
         <load_address>0x49a8</load_address>
         <run_address>0x49a8</run_address>
         <size>0x54</size>
         <input_file_ref idref="fl-8b"/>
      </object_component>
      <object_component id="oc-5a">
         <name>.cinit</name>
         <load_address>0x4a00</load_address>
         <run_address>0x4a00</run_address>
         <size>0x30</size>
         <input_file_ref idref="fl-8f"/>
      </object_component>
      <object_component id="oc-2b">
         <name>.cinit</name>
         <load_address>0x4a30</load_address>
         <run_address>0x4a30</run_address>
         <size>0x2c</size>
         <input_file_ref idref="fl-84"/>
      </object_component>
      <object_component id="oc-60">
         <name>.cinit</name>
         <load_address>0x4a60</load_address>
         <run_address>0x4a60</run_address>
         <size>0x28</size>
         <input_file_ref idref="fl-90"/>
      </object_component>
      <object_component id="oc-27">
         <name>.stack</name>
         <uninitialized>true</uninitialized>
         <run_address>0x3120</run_address>
         <size>0x8</size>
         <input_file_ref idref="fl-83"/>
      </object_component>
      <object_component id="oc-98">
         <name>.stack</name>
         <uninitialized>true</uninitialized>
         <run_address>0x3120</run_address>
         <size>0x0</size>
      </object_component>
      <object_component id="oc-55">
         <name>.const</name>
         <load_address>0x4a8c</load_address>
         <run_address>0x4a8c</run_address>
         <size>0x40</size>
         <input_file_ref idref="fl-8e"/>
      </object_component>
      <object_component id="oc-4b">
         <name>.const</name>
         <load_address>0x4acc</load_address>
         <run_address>0x4acc</run_address>
         <size>0x20</size>
         <input_file_ref idref="fl-8c"/>
      </object_component>
      <object_component id="oc-1a">
         <name>.far</name>
         <uninitialized>true</uninitialized>
         <run_address>0x4664</run_address>
         <size>0x58</size>
         <input_file_ref idref="fl-4"/>
      </object_component>
      <object_component id="oc-20">
         <name>.far</name>
         <uninitialized>true</uninitialized>
         <run_address>0x4120</run_address>
         <size>0x450</size>
         <input_file_ref idref="fl-5"/>
      </object_component>
      <object_component id="oc-2c">
         <name>.far</name>
         <uninitialized>true</uninitialized>
         <run_address>0x473c</run_address>
         <size>0xc</size>
         <input_file_ref idref="fl-84"/>
      </object_component>
      <object_component id="oc-40">
         <name>.far</name>
         <uninitialized>true</uninitialized>
         <run_address>0x4570</run_address>
         <size>0xf4</size>
         <input_file_ref idref="fl-8a"/>
      </object_component>
      <object_component id="oc-45">
         <name>.far</name>
         <uninitialized>true</uninitialized>
         <run_address>0x46bc</run_address>
         <size>0x38</size>
         <input_file_ref idref="fl-8b"/>
      </object_component>
      <object_component id="oc-4a">
         <name>.far</name>
         <uninitialized>true</uninitialized>
         <run_address>0x4750</run_address>
         <size>0x2</size>
         <input_file_ref idref="fl-8c"/>
      </object_component>
      <object_component id="oc-54">
         <name>.far</name>
         <uninitialized>true</uninitialized>
         <run_address>0x4748</run_address>
         <size>0x8</size>
         <input_file_ref idref="fl-8e"/>
      </object_component>
      <object_component id="oc-5b">
         <name>.far</name>
         <uninitialized>true</uninitialized>
         <run_address>0x46f4</run_address>
         <size>0x28</size>
         <input_file_ref idref="fl-8f"/>
      </object_component>
      <object_component id="oc-61">
         <name>.far</name>
         <uninitialized>true</uninitialized>
         <run_address>0x471c</run_address>
         <size>0x20</size>
         <input_file_ref idref="fl-90"/>
      </object_component>
      <object_component id="oc-11">
         <name>.debug_info</name>
         <load_address>0x0</load_address>
         <run_address>0x0</run_address>
         <size>0x114</size>
         <input_file_ref idref="fl-2"/>
      </object_component>
      <object_component id="oc-15">
         <name>.debug_info</name>
         <load_address>0x114</load_address>
         <run_address>0x114</run_address>
         <size>0x1fa</size>
         <input_file_ref idref="fl-3"/>
      </object_component>
      <object_component id="oc-18">
         <name>.debug_info</name>
         <load_address>0x30e</load_address>
         <run_address>0x30e</run_address>
         <size>0x16b5</size>
         <input_file_ref idref="fl-4"/>
      </object_component>
      <object_component id="oc-1e">
         <name>.debug_info</name>
         <load_address>0x19c3</load_address>
         <run_address>0x19c3</run_address>
         <size>0x1265</size>
         <input_file_ref idref="fl-5"/>
      </object_component>
      <object_component id="oc-26">
         <name>.debug_info</name>
         <load_address>0x2c28</load_address>
         <run_address>0x2c28</run_address>
         <size>0x70b</size>
         <input_file_ref idref="fl-83"/>
      </object_component>
      <object_component id="oc-2a">
         <name>.debug_info</name>
         <load_address>0x3333</load_address>
         <run_address>0x3333</run_address>
         <size>0x7ff</size>
         <input_file_ref idref="fl-84"/>
      </object_component>
      <object_component id="oc-2f">
         <name>.debug_info</name>
         <load_address>0x3b32</load_address>
         <run_address>0x3b32</run_address>
         <size>0x6e1</size>
         <input_file_ref idref="fl-85"/>
      </object_component>
      <object_component id="oc-32">
         <name>.debug_info</name>
         <load_address>0x4213</load_address>
         <run_address>0x4213</run_address>
         <size>0x871</size>
         <input_file_ref idref="fl-86"/>
      </object_component>
      <object_component id="oc-35">
         <name>.debug_info</name>
         <load_address>0x4a84</load_address>
         <run_address>0x4a84</run_address>
         <size>0x6e9</size>
         <input_file_ref idref="fl-87"/>
      </object_component>
      <object_component id="oc-38">
         <name>.debug_info</name>
         <load_address>0x516d</load_address>
         <run_address>0x516d</run_address>
         <size>0x7df</size>
         <input_file_ref idref="fl-88"/>
      </object_component>
      <object_component id="oc-3b">
         <name>.debug_info</name>
         <load_address>0x594c</load_address>
         <run_address>0x594c</run_address>
         <size>0x792</size>
         <input_file_ref idref="fl-89"/>
      </object_component>
      <object_component id="oc-42">
         <name>.debug_info</name>
         <load_address>0x60de</load_address>
         <run_address>0x60de</run_address>
         <size>0xcc5</size>
         <input_file_ref idref="fl-8a"/>
      </object_component>
      <object_component id="oc-47">
         <name>.debug_info</name>
         <load_address>0x6da3</load_address>
         <run_address>0x6da3</run_address>
         <size>0xf6e</size>
         <input_file_ref idref="fl-8b"/>
      </object_component>
      <object_component id="oc-4d">
         <name>.debug_info</name>
         <load_address>0x7d11</load_address>
         <run_address>0x7d11</run_address>
         <size>0xa4e</size>
         <input_file_ref idref="fl-8c"/>
      </object_component>
      <object_component id="oc-51">
         <name>.debug_info</name>
         <load_address>0x875f</load_address>
         <run_address>0x875f</run_address>
         <size>0x7c9</size>
         <input_file_ref idref="fl-8d"/>
      </object_component>
      <object_component id="oc-57">
         <name>.debug_info</name>
         <load_address>0x8f28</load_address>
         <run_address>0x8f28</run_address>
         <size>0xa20</size>
         <input_file_ref idref="fl-8e"/>
      </object_component>
      <object_component id="oc-5d">
         <name>.debug_info</name>
         <load_address>0x9948</load_address>
         <run_address>0x9948</run_address>
         <size>0xaa0</size>
         <input_file_ref idref="fl-8f"/>
      </object_component>
      <object_component id="oc-63">
         <name>.debug_info</name>
         <load_address>0xa3e8</load_address>
         <run_address>0xa3e8</run_address>
         <size>0x723</size>
         <input_file_ref idref="fl-90"/>
      </object_component>
      <object_component id="oc-65">
         <name>.debug_info</name>
         <load_address>0xab0b</load_address>
         <run_address>0xab0b</run_address>
         <size>0xd6</size>
         <input_file_ref idref="fl-91"/>
      </object_component>
      <object_component id="oc-99">
         <name>.debug_info</name>
         <load_address>0xabe1</load_address>
         <run_address>0xabe1</run_address>
         <size>0x6e</size>
      </object_component>
      <object_component id="oc-12">
         <name>.debug_line</name>
         <load_address>0x0</load_address>
         <run_address>0x0</run_address>
         <size>0xd8</size>
         <input_file_ref idref="fl-2"/>
      </object_component>
      <object_component id="oc-16">
         <name>.debug_line</name>
         <load_address>0xd8</load_address>
         <run_address>0xd8</run_address>
         <size>0xbd</size>
         <input_file_ref idref="fl-3"/>
      </object_component>
      <object_component id="oc-1c">
         <name>.debug_line</name>
         <load_address>0x195</load_address>
         <run_address>0x195</run_address>
         <size>0x189</size>
         <input_file_ref idref="fl-4"/>
      </object_component>
      <object_component id="oc-24">
         <name>.debug_line</name>
         <load_address>0x31e</load_address>
         <run_address>0x31e</run_address>
         <size>0x266</size>
         <input_file_ref idref="fl-5"/>
      </object_component>
      <object_component id="oc-28">
         <name>.debug_line</name>
         <load_address>0x584</load_address>
         <run_address>0x584</run_address>
         <size>0x3d</size>
         <input_file_ref idref="fl-83"/>
      </object_component>
      <object_component id="oc-2d">
         <name>.debug_line</name>
         <load_address>0x5c1</load_address>
         <run_address>0x5c1</run_address>
         <size>0x4f</size>
         <input_file_ref idref="fl-84"/>
      </object_component>
      <object_component id="oc-30">
         <name>.debug_line</name>
         <load_address>0x610</load_address>
         <run_address>0x610</run_address>
         <size>0x41</size>
         <input_file_ref idref="fl-85"/>
      </object_component>
      <object_component id="oc-33">
         <name>.debug_line</name>
         <load_address>0x651</load_address>
         <run_address>0x651</run_address>
         <size>0x47</size>
         <input_file_ref idref="fl-86"/>
      </object_component>
      <object_component id="oc-36">
         <name>.debug_line</name>
         <load_address>0x698</load_address>
         <run_address>0x698</run_address>
         <size>0x45</size>
         <input_file_ref idref="fl-87"/>
      </object_component>
      <object_component id="oc-39">
         <name>.debug_line</name>
         <load_address>0x6dd</load_address>
         <run_address>0x6dd</run_address>
         <size>0x44</size>
         <input_file_ref idref="fl-88"/>
      </object_component>
      <object_component id="oc-3c">
         <name>.debug_line</name>
         <load_address>0x721</load_address>
         <run_address>0x721</run_address>
         <size>0x4e</size>
         <input_file_ref idref="fl-89"/>
      </object_component>
      <object_component id="oc-43">
         <name>.debug_line</name>
         <load_address>0x76f</load_address>
         <run_address>0x76f</run_address>
         <size>0x109</size>
         <input_file_ref idref="fl-8a"/>
      </object_component>
      <object_component id="oc-48">
         <name>.debug_line</name>
         <load_address>0x878</load_address>
         <run_address>0x878</run_address>
         <size>0x15c</size>
         <input_file_ref idref="fl-8b"/>
      </object_component>
      <object_component id="oc-4e">
         <name>.debug_line</name>
         <load_address>0x9d4</load_address>
         <run_address>0x9d4</run_address>
         <size>0xb2</size>
         <input_file_ref idref="fl-8c"/>
      </object_component>
      <object_component id="oc-52">
         <name>.debug_line</name>
         <load_address>0xa86</load_address>
         <run_address>0xa86</run_address>
         <size>0x4c</size>
         <input_file_ref idref="fl-8d"/>
      </object_component>
      <object_component id="oc-58">
         <name>.debug_line</name>
         <load_address>0xad2</load_address>
         <run_address>0xad2</run_address>
         <size>0x4f</size>
         <input_file_ref idref="fl-8e"/>
      </object_component>
      <object_component id="oc-5e">
         <name>.debug_line</name>
         <load_address>0xb21</load_address>
         <run_address>0xb21</run_address>
         <size>0x7e</size>
         <input_file_ref idref="fl-8f"/>
      </object_component>
      <object_component id="oc-64">
         <name>.debug_line</name>
         <load_address>0xb9f</load_address>
         <run_address>0xb9f</run_address>
         <size>0x50</size>
         <input_file_ref idref="fl-90"/>
      </object_component>
      <object_component id="oc-66">
         <name>.debug_line</name>
         <load_address>0xbef</load_address>
         <run_address>0xbef</run_address>
         <size>0x48</size>
         <input_file_ref idref="fl-91"/>
      </object_component>
      <object_component id="oc-13">
         <name>.debug_abbrev</name>
         <load_address>0x0</load_address>
         <run_address>0x0</run_address>
         <size>0x21</size>
         <input_file_ref idref="fl-2"/>
      </object_component>
      <object_component id="oc-17">
         <name>.debug_abbrev</name>
         <load_address>0x21</load_address>
         <run_address>0x21</run_address>
         <size>0x27</size>
         <input_file_ref idref="fl-3"/>
      </object_component>
      <object_component id="oc-1d">
         <name>.debug_abbrev</name>
         <load_address>0x48</load_address>
         <run_address>0x48</run_address>
         <size>0x18e</size>
         <input_file_ref idref="fl-4"/>
      </object_component>
      <object_component id="oc-25">
         <name>.debug_abbrev</name>
         <load_address>0x1d6</load_address>
         <run_address>0x1d6</run_address>
         <size>0x17a</size>
         <input_file_ref idref="fl-5"/>
      </object_component>
      <object_component id="oc-29">
         <name>.debug_abbrev</name>
         <load_address>0x350</load_address>
         <run_address>0x350</run_address>
         <size>0xfe</size>
         <input_file_ref idref="fl-83"/>
      </object_component>
      <object_component id="oc-2e">
         <name>.debug_abbrev</name>
         <load_address>0x44e</load_address>
         <run_address>0x44e</run_address>
         <size>0x119</size>
         <input_file_ref idref="fl-84"/>
      </object_component>
      <object_component id="oc-31">
         <name>.debug_abbrev</name>
         <load_address>0x567</load_address>
         <run_address>0x567</run_address>
         <size>0xe1</size>
         <input_file_ref idref="fl-85"/>
      </object_component>
      <object_component id="oc-34">
         <name>.debug_abbrev</name>
         <load_address>0x648</load_address>
         <run_address>0x648</run_address>
         <size>0x13f</size>
         <input_file_ref idref="fl-86"/>
      </object_component>
      <object_component id="oc-37">
         <name>.debug_abbrev</name>
         <load_address>0x787</load_address>
         <run_address>0x787</run_address>
         <size>0xdd</size>
         <input_file_ref idref="fl-87"/>
      </object_component>
      <object_component id="oc-3a">
         <name>.debug_abbrev</name>
         <load_address>0x864</load_address>
         <run_address>0x864</run_address>
         <size>0x10c</size>
         <input_file_ref idref="fl-88"/>
      </object_component>
      <object_component id="oc-3d">
         <name>.debug_abbrev</name>
         <load_address>0x970</load_address>
         <run_address>0x970</run_address>
         <size>0xd5</size>
         <input_file_ref idref="fl-89"/>
      </object_component>
      <object_component id="oc-41">
         <name>.debug_abbrev</name>
         <load_address>0xa45</load_address>
         <run_address>0xa45</run_address>
         <size>0x1b7</size>
         <input_file_ref idref="fl-8a"/>
      </object_component>
      <object_component id="oc-46">
         <name>.debug_abbrev</name>
         <load_address>0xbfc</load_address>
         <run_address>0xbfc</run_address>
         <size>0x1a3</size>
         <input_file_ref idref="fl-8b"/>
      </object_component>
      <object_component id="oc-4c">
         <name>.debug_abbrev</name>
         <load_address>0xd9f</load_address>
         <run_address>0xd9f</run_address>
         <size>0x19a</size>
         <input_file_ref idref="fl-8c"/>
      </object_component>
      <object_component id="oc-50">
         <name>.debug_abbrev</name>
         <load_address>0xf39</load_address>
         <run_address>0xf39</run_address>
         <size>0xd9</size>
         <input_file_ref idref="fl-8d"/>
      </object_component>
      <object_component id="oc-56">
         <name>.debug_abbrev</name>
         <load_address>0x1012</load_address>
         <run_address>0x1012</run_address>
         <size>0x12a</size>
         <input_file_ref idref="fl-8e"/>
      </object_component>
      <object_component id="oc-5c">
         <name>.debug_abbrev</name>
         <load_address>0x113c</load_address>
         <run_address>0x113c</run_address>
         <size>0x152</size>
         <input_file_ref idref="fl-8f"/>
      </object_component>
      <object_component id="oc-62">
         <name>.debug_abbrev</name>
         <load_address>0x128e</load_address>
         <run_address>0x128e</run_address>
         <size>0xf5</size>
         <input_file_ref idref="fl-90"/>
      </object_component>
      <object_component id="oc-67">
         <name>.debug_abbrev</name>
         <load_address>0x1383</load_address>
         <run_address>0x1383</run_address>
         <size>0x3b</size>
         <input_file_ref idref="fl-91"/>
      </object_component>
      <object_component id="oc-9a">
         <name>.debug_abbrev</name>
         <load_address>0x13be</load_address>
         <run_address>0x13be</run_address>
         <size>0xd</size>
      </object_component>
      <object_component id="oc-1b">
         <name>.debug_frame</name>
         <load_address>0x0</load_address>
         <run_address>0x0</run_address>
         <size>0x36d</size>
         <input_file_ref idref="fl-4"/>
      </object_component>
      <object_component id="oc-23">
         <name>.debug_frame</name>
         <load_address>0x36d</load_address>
         <run_address>0x36d</run_address>
         <size>0x4e9</size>
         <input_file_ref idref="fl-5"/>
      </object_component>
   </object_component_list>
   <logical_group_list>
      <logical_group id="lg-2">
         <name>.EXT_RAM</name>
         <run_address>0x80000000</run_address>
         <size>0x75300</size>
         <contents>
            <object_component_ref idref="oc-21"/>
         </contents>
      </logical_group>
      <logical_group id="lg-3">
         <name>.vectors</name>
         <load_address>0x0</load_address>
         <run_address>0x0</run_address>
         <size>0x200</size>
         <contents>
            <object_component_ref idref="oc-10"/>
         </contents>
      </logical_group>
      <logical_group id="lg-4">
         <name>.text</name>
         <load_address>0x220</load_address>
         <run_address>0x220</run_address>
         <size>0x2f00</size>
         <contents>
            <object_component_ref idref="oc-6c"/>
            <object_component_ref idref="oc-6b"/>
            <object_component_ref idref="oc-49"/>
            <object_component_ref idref="oc-22"/>
            <object_component_ref idref="oc-53"/>
            <object_component_ref idref="oc-72"/>
            <object_component_ref idref="oc-7c"/>
            <object_component_ref idref="oc-81"/>
            <object_component_ref idref="oc-59"/>
            <object_component_ref idref="oc-6f"/>
            <object_component_ref idref="oc-70"/>
            <object_component_ref idref="oc-68"/>
            <object_component_ref idref="oc-6d"/>
            <object_component_ref idref="oc-6a"/>
            <object_component_ref idref="oc-71"/>
            <object_component_ref idref="oc-5f"/>
            <object_component_ref idref="oc-14"/>
            <object_component_ref idref="oc-6e"/>
            <object_component_ref idref="oc-75"/>
            <object_component_ref idref="oc-82"/>
            <object_component_ref idref="oc-73"/>
            <object_component_ref idref="oc-e"/>
            <object_component_ref idref="oc-4f"/>
            <object_component_ref idref="oc-80"/>
            <object_component_ref idref="oc-7d"/>
            <object_component_ref idref="oc-69"/>
            <object_component_ref idref="oc-f"/>
            <object_component_ref idref="oc-7a"/>
            <object_component_ref idref="oc-7e"/>
            <object_component_ref idref="oc-7f"/>
            <object_component_ref idref="oc-7b"/>
            <object_component_ref idref="oc-79"/>
            <object_component_ref idref="oc-78"/>
            <object_component_ref idref="oc-77"/>
            <object_component_ref idref="oc-76"/>
            <object_component_ref idref="oc-74"/>
            <object_component_ref idref="oc-3e"/>
         </contents>
      </logical_group>
      <logical_group id="lg-5">
         <name>.bss</name>
         <run_address>0x220</run_address>
         <size>0x0</size>
         <contents>
         </contents>
      </logical_group>
      <logical_group id="lg-6">
         <name>.cinit</name>
         <load_address>0x4758</load_address>
         <run_address>0x4758</run_address>
         <size>0x334</size>
         <contents>
            <object_component_ref idref="oc-3f"/>
            <object_component_ref idref="oc-1f"/>
            <object_component_ref idref="oc-19"/>
            <object_component_ref idref="oc-44"/>
            <object_component_ref idref="oc-5a"/>
            <object_component_ref idref="oc-2b"/>
            <object_component_ref idref="oc-60"/>
         </contents>
      </logical_group>
      <logical_group id="lg-7">
         <name>.stack</name>
         <run_address>0x3120</run_address>
         <size>0x1000</size>
         <contents>
            <object_component_ref idref="oc-27"/>
            <object_component_ref idref="oc-98"/>
         </contents>
      </logical_group>
      <logical_group id="lg-8">
         <name>.sysmem</name>
         <run_address>0x0</run_address>
         <size>0x0</size>
         <contents>
         </contents>
      </logical_group>
      <logical_group id="lg-9">
         <name>.const</name>
         <load_address>0x4a8c</load_address>
         <run_address>0x4a8c</run_address>
         <size>0x60</size>
         <contents>
            <object_component_ref idref="oc-55"/>
            <object_component_ref idref="oc-4b"/>
         </contents>
      </logical_group>
      <logical_group id="lg-a">
         <name>.switch</name>
         <run_address>0x0</run_address>
         <size>0x0</size>
         <contents>
         </contents>
      </logical_group>
      <logical_group id="lg-b">
         <name>.far</name>
         <run_address>0x4120</run_address>
         <size>0x632</size>
         <contents>
            <object_component_ref idref="oc-1a"/>
            <object_component_ref idref="oc-20"/>
            <object_component_ref idref="oc-2c"/>
            <object_component_ref idref="oc-40"/>
            <object_component_ref idref="oc-45"/>
            <object_component_ref idref="oc-4a"/>
            <object_component_ref idref="oc-54"/>
            <object_component_ref idref="oc-5b"/>
            <object_component_ref idref="oc-61"/>
         </contents>
      </logical_group>
      <logical_group id="lg-c">
         <name>.cio</name>
         <run_address>0x0</run_address>
         <size>0x0</size>
         <contents>
         </contents>
      </logical_group>
      <logical_group id="lg-d">
         <name>.csldata</name>
         <run_address>0x0</run_address>
         <size>0x0</size>
         <contents>
         </contents>
      </logical_group>
      <logical_group id="lg-8f">
         <name>.debug_info</name>
         <load_address>0x0</load_address>
         <run_address>0x0</run_address>
         <size>0xac4f</size>
         <contents>
            <object_component_ref idref="oc-11"/>
            <object_component_ref idref="oc-15"/>
            <object_component_ref idref="oc-18"/>
            <object_component_ref idref="oc-1e"/>
            <object_component_ref idref="oc-26"/>
            <object_component_ref idref="oc-2a"/>
            <object_component_ref idref="oc-2f"/>
            <object_component_ref idref="oc-32"/>
            <object_component_ref idref="oc-35"/>
            <object_component_ref idref="oc-38"/>
            <object_component_ref idref="oc-3b"/>
            <object_component_ref idref="oc-42"/>
            <object_component_ref idref="oc-47"/>
            <object_component_ref idref="oc-4d"/>
            <object_component_ref idref="oc-51"/>
            <object_component_ref idref="oc-57"/>
            <object_component_ref idref="oc-5d"/>
            <object_component_ref idref="oc-63"/>
            <object_component_ref idref="oc-65"/>
            <object_component_ref idref="oc-99"/>
         </contents>
      </logical_group>
      <logical_group id="lg-91">
         <name>.debug_line</name>
         <load_address>0x0</load_address>
         <run_address>0x0</run_address>
         <size>0xc37</size>
         <contents>
            <object_component_ref idref="oc-12"/>
            <object_component_ref idref="oc-16"/>
            <object_component_ref idref="oc-1c"/>
            <object_component_ref idref="oc-24"/>
            <object_component_ref idref="oc-28"/>
            <object_component_ref idref="oc-2d"/>
            <object_component_ref idref="oc-30"/>
            <object_component_ref idref="oc-33"/>
            <object_component_ref idref="oc-36"/>
            <object_component_ref idref="oc-39"/>
            <object_component_ref idref="oc-3c"/>
            <object_component_ref idref="oc-43"/>
            <object_component_ref idref="oc-48"/>
            <object_component_ref idref="oc-4e"/>
            <object_component_ref idref="oc-52"/>
            <object_component_ref idref="oc-58"/>
            <object_component_ref idref="oc-5e"/>
            <object_component_ref idref="oc-64"/>
            <object_component_ref idref="oc-66"/>
         </contents>
      </logical_group>
      <logical_group id="lg-93">
         <name>.debug_abbrev</name>
         <load_address>0x0</load_address>
         <run_address>0x0</run_address>
         <size>0x13cb</size>
         <contents>
            <object_component_ref idref="oc-13"/>
            <object_component_ref idref="oc-17"/>
            <object_component_ref idref="oc-1d"/>
            <object_component_ref idref="oc-25"/>
            <object_component_ref idref="oc-29"/>
            <object_component_ref idref="oc-2e"/>
            <object_component_ref idref="oc-31"/>
            <object_component_ref idref="oc-34"/>
            <object_component_ref idref="oc-37"/>
            <object_component_ref idref="oc-3a"/>
            <object_component_ref idref="oc-3d"/>
            <object_component_ref idref="oc-41"/>
            <object_component_ref idref="oc-46"/>
            <object_component_ref idref="oc-4c"/>
            <object_component_ref idref="oc-50"/>
            <object_component_ref idref="oc-56"/>
            <object_component_ref idref="oc-5c"/>
            <object_component_ref idref="oc-62"/>
            <object_component_ref idref="oc-67"/>
            <object_component_ref idref="oc-9a"/>
         </contents>
      </logical_group>
      <logical_group id="lg-95">
         <name>.debug_frame</name>
         <load_address>0x0</load_address>
         <run_address>0x0</run_address>
         <size>0x856</size>
         <contents>
            <object_component_ref idref="oc-1b"/>
            <object_component_ref idref="oc-23"/>
         </contents>
      </logical_group>
   </logical_group_list>
   <placement_map>
      <memory_area>
         <name>IVECS</name>
         <page_id>0x0</page_id>
         <origin>0x0</origin>
         <length>0x220</length>
         <used_space>0x200</used_space>
         <unused_space>0x20</unused_space>
         <attributes>RWIX</attributes>
         <usage_details>
            <allocated_space>
               <start_address>0x0</start_address>
               <size>0x200</size>
               <logical_group_ref idref="lg-3"/>
            </allocated_space>
            <available_space>
               <start_address>0x200</start_address>
               <size>0x20</size>
            </available_space>
         </usage_details>
      </memory_area>
      <memory_area>
         <name>IRAM</name>
         <page_id>0x0</page_id>
         <origin>0x220</origin>
         <length>0x2fde0</length>
         <used_space>0x48c6</used_space>
         <unused_space>0x2b51a</unused_space>
         <attributes>RWIX</attributes>
         <usage_details>
            <allocated_space>
               <start_address>0x220</start_address>
               <size>0x0</size>
               <logical_group_ref idref="lg-5"/>
            </allocated_space>
            <allocated_space>
               <start_address>0x220</start_address>
               <size>0x2f00</size>
               <logical_group_ref idref="lg-4"/>
            </allocated_space>
            <allocated_space>
               <start_address>0x3120</start_address>
               <size>0x1000</size>
               <logical_group_ref idref="lg-7"/>
            </allocated_space>
            <allocated_space>
               <start_address>0x4120</start_address>
               <size>0x632</size>
               <logical_group_ref idref="lg-b"/>
            </allocated_space>
            <available_space>
               <start_address>0x4752</start_address>
               <size>0x6</size>
            </available_space>
            <allocated_space>
               <start_address>0x4758</start_address>
               <size>0x334</size>
               <logical_group_ref idref="lg-6"/>
            </allocated_space>
            <allocated_space>
               <start_address>0x4a8c</start_address>
               <size>0x60</size>
               <logical_group_ref idref="lg-9"/>
            </allocated_space>
            <available_space>
               <start_address>0x4aec</start_address>
               <size>0x2b514</size>
            </available_space>
         </usage_details>
      </memory_area>
      <memory_area>
         <name>SDRAM</name>
         <page_id>0x0</page_id>
         <origin>0x80000000</origin>
         <length>0x1000000</length>
         <used_space>0x75300</used_space>
         <unused_space>0xf8ad00</unused_space>
         <attributes>RWIX</attributes>
         <usage_details>
            <allocated_space>
               <start_address>0x80000000</start_address>
               <size>0x75300</size>
               <logical_group_ref idref="lg-2"/>
            </allocated_space>
            <available_space>
               <start_address>0x80075300</start_address>
               <size>0xf8ad00</size>
            </available_space>
         </usage_details>
      </memory_area>
      <memory_area>
         <name>FLASH</name>
         <page_id>0x0</page_id>
         <origin>0x90000000</origin>
         <length>0x20000</length>
         <used_space>0x0</used_space>
         <unused_space>0x20000</unused_space>
         <attributes>RWIX</attributes>
         <usage_details>
         </usage_details>
      </memory_area>
   </placement_map>
   <symbol_table>
      <symbol id="sm-0">
         <name>cinit</name>
         <value>0x4758</value>
      </symbol>
      <symbol id="sm-1">
         <name>___cinit__</name>
         <value>0x4758</value>
      </symbol>
      <symbol id="sm-2">
         <name>pinit</name>
         <value>0xffffffff</value>
      </symbol>
      <symbol id="sm-3">
         <name>___pinit__</name>
         <value>0xffffffff</value>
      </symbol>
      <symbol id="sm-4">
         <name>binit</name>
         <value>0xffffffff</value>
      </symbol>
      <symbol id="sm-5">
         <name>___binit__</name>
         <value>0xffffffff</value>
      </symbol>
      <symbol id="sm-6">
         <name>__STACK_SIZE</name>
         <value>0x1000</value>
      </symbol>
      <symbol id="sm-7">
         <name>__STACK_END</name>
         <value>0x4120</value>
      </symbol>
      <symbol id="sm-8">
         <name>___c_args__</name>
         <value>0xffffffff</value>
      </symbol>
      <symbol id="sm-9">
         <name>.text</name>
         <value>0x220</value>
      </symbol>
      <symbol id="sm-a">
         <name>___text__</name>
         <value>0x220</value>
      </symbol>
      <symbol id="sm-b">
         <name>etext</name>
         <value>0x3120</value>
      </symbol>
      <symbol id="sm-c">
         <name>___etext__</name>
         <value>0x3120</value>
      </symbol>
      <symbol id="sm-d">
         <name>.bss</name>
         <value>0x220</value>
      </symbol>
      <symbol id="sm-e">
         <name>___bss__</name>
         <value>0x220</value>
      </symbol>
      <symbol id="sm-f">
         <name>end</name>
         <value>0x220</value>
      </symbol>
      <symbol id="sm-10">
         <name>___end__</name>
         <value>0x220</value>
      </symbol>
      <symbol id="sm-11">
         <name>___TI_pprof_out_hndl</name>
         <value>0xffffffff</value>
      </symbol>
      <symbol id="sm-12">
         <name>___TI_prof_data_start</name>
         <value>0xffffffff</value>
      </symbol>
      <symbol id="sm-13">
         <name>___TI_prof_data_size</name>
         <value>0xffffffff</value>
      </symbol>
      <symbol id="sm-14">
         <name>$bss</name>
         <value>0x220</value>
      </symbol>
      <symbol id="sm-43">
         <name>_vector10</name>
         <value>0x140</value>
         <object_component_ref idref="oc-10"/>
      </symbol>
      <symbol id="sm-44">
         <name>_vector12</name>
         <value>0x180</value>
         <object_component_ref idref="oc-10"/>
      </symbol>
      <symbol id="sm-45">
         <name>_vector13</name>
         <value>0x1a0</value>
         <object_component_ref idref="oc-10"/>
      </symbol>
      <symbol id="sm-46">
         <name>_vector14</name>
         <value>0x1c0</value>
         <object_component_ref idref="oc-10"/>
      </symbol>
      <symbol id="sm-47">
         <name>_vectors</name>
         <value>0x0</value>
         <object_component_ref idref="oc-10"/>
      </symbol>
      <symbol id="sm-48">
         <name>_vector1</name>
         <value>0x20</value>
         <object_component_ref idref="oc-10"/>
      </symbol>
      <symbol id="sm-49">
         <name>_vector3</name>
         <value>0x60</value>
         <object_component_ref idref="oc-10"/>
      </symbol>
      <symbol id="sm-4a">
         <name>_vector2</name>
         <value>0x40</value>
         <object_component_ref idref="oc-10"/>
      </symbol>
      <symbol id="sm-4b">
         <name>_vector5</name>
         <value>0xa0</value>
         <object_component_ref idref="oc-10"/>
      </symbol>
      <symbol id="sm-4c">
         <name>_vector7</name>
         <value>0xe0</value>
         <object_component_ref idref="oc-10"/>
      </symbol>
      <symbol id="sm-4d">
         <name>_vector6</name>
         <value>0xc0</value>
         <object_component_ref idref="oc-10"/>
      </symbol>
      <symbol id="sm-4e">
         <name>_vector9</name>
         <value>0x120</value>
         <object_component_ref idref="oc-10"/>
      </symbol>
      <symbol id="sm-4f">
         <name>_vector8</name>
         <value>0x100</value>
         <object_component_ref idref="oc-10"/>
      </symbol>
      <symbol id="sm-57">
         <name>_enableInterruptVoice</name>
         <value>0x2ae0</value>
         <object_component_ref idref="oc-14"/>
      </symbol>
      <symbol id="sm-58">
         <name>_enableInterruptSin</name>
         <value>0x2b18</value>
         <object_component_ref idref="oc-14"/>
      </symbol>
      <symbol id="sm-59">
         <name>_disableInterruptSin</name>
         <value>0x2b34</value>
         <object_component_ref idref="oc-14"/>
      </symbol>
      <symbol id="sm-5a">
         <name>_enableInterrupt4</name>
         <value>0x2b50</value>
         <object_component_ref idref="oc-14"/>
      </symbol>
      <symbol id="sm-5b">
         <name>_disableInterruptVoice</name>
         <value>0x2afc</value>
         <object_component_ref idref="oc-14"/>
      </symbol>
      <symbol id="sm-5c">
         <name>_enableAllInterrupts</name>
         <value>0x2b6c</value>
         <object_component_ref idref="oc-14"/>
      </symbol>
      <symbol id="sm-a6">
         <name>_comm_poll</name>
         <value>0x220</value>
         <object_component_ref idref="oc-6c"/>
      </symbol>
      <symbol id="sm-a7">
         <name>_output_left_sample</name>
         <value>0x46c</value>
         <object_component_ref idref="oc-6c"/>
      </symbol>
      <symbol id="sm-a8">
         <name>_comm_intr</name>
         <value>0x8c0</value>
         <object_component_ref idref="oc-6c"/>
      </symbol>
      <symbol id="sm-a9">
         <name>_input_left_sample</name>
         <value>0x730</value>
         <object_component_ref idref="oc-6c"/>
      </symbol>
      <symbol id="sm-aa">
         <name>_output_sample</name>
         <value>0x350</value>
         <object_component_ref idref="oc-6c"/>
      </symbol>
      <symbol id="sm-ab">
         <name>_CODEC_stop</name>
         <value>0x320</value>
         <object_component_ref idref="oc-6c"/>
      </symbol>
      <symbol id="sm-ac">
         <name>_CODEC_start</name>
         <value>0x254</value>
         <object_component_ref idref="oc-6c"/>
      </symbol>
      <symbol id="sm-ad">
         <name>_config</name>
         <value>0x4670</value>
         <object_component_ref idref="oc-1a"/>
      </symbol>
      <symbol id="sm-ae">
         <name>_input_right_sample</name>
         <value>0x7f8</value>
         <object_component_ref idref="oc-6c"/>
      </symbol>
      <symbol id="sm-af">
         <name>_AIC_data</name>
         <value>0x466c</value>
         <object_component_ref idref="oc-1a"/>
      </symbol>
      <symbol id="sm-b0">
         <name>_hAIC23_handle</name>
         <value>0x46b8</value>
         <object_component_ref idref="oc-1a"/>
      </symbol>
      <symbol id="sm-b1">
         <name>_AIC23CfgData</name>
         <value>0x4698</value>
         <object_component_ref idref="oc-1a"/>
      </symbol>
      <symbol id="sm-b2">
         <name>_input_sample</name>
         <value>0x62c</value>
         <object_component_ref idref="oc-6c"/>
      </symbol>
      <symbol id="sm-b3">
         <name>_output_right_sample</name>
         <value>0x54c</value>
         <object_component_ref idref="oc-6c"/>
      </symbol>
      <symbol id="sm-133">
         <name>_main</name>
         <value>0xa00</value>
         <object_component_ref idref="oc-6b"/>
      </symbol>
      <symbol id="sm-134">
         <name>_startTimer</name>
         <value>0xe74</value>
         <object_component_ref idref="oc-6b"/>
      </symbol>
      <symbol id="sm-135">
         <name>_configGP4In</name>
         <value>0xff8</value>
         <object_component_ref idref="oc-6b"/>
      </symbol>
      <symbol id="sm-136">
         <name>_gain</name>
         <value>0x4540</value>
         <object_component_ref idref="oc-20"/>
      </symbol>
      <symbol id="sm-137">
         <name>_bufindex</name>
         <value>0x412c</value>
         <object_component_ref idref="oc-20"/>
      </symbol>
      <symbol id="sm-138">
         <name>_inputsource</name>
         <value>0x4124</value>
         <object_component_ref idref="oc-20"/>
      </symbol>
      <symbol id="sm-139">
         <name>_DIP1Stat</name>
         <value>0x4546</value>
         <object_component_ref idref="oc-20"/>
      </symbol>
      <symbol id="sm-13a">
         <name>_nbEchantillon</name>
         <value>0x4550</value>
         <object_component_ref idref="oc-20"/>
      </symbol>
      <symbol id="sm-13b">
         <name>_read</name>
         <value>0xef4</value>
         <object_component_ref idref="oc-6b"/>
      </symbol>
      <symbol id="sm-13c">
         <name>_c_int11</name>
         <value>0x1870</value>
         <object_component_ref idref="oc-22"/>
      </symbol>
      <symbol id="sm-13d">
         <name>_c_int15</name>
         <value>0x1660</value>
         <object_component_ref idref="oc-22"/>
      </symbol>
      <symbol id="sm-13e">
         <name>_DIP0Stat</name>
         <value>0x4544</value>
         <object_component_ref idref="oc-20"/>
      </symbol>
      <symbol id="sm-13f">
         <name>_incrementBoucle</name>
         <value>0x4554</value>
         <object_component_ref idref="oc-20"/>
      </symbol>
      <symbol id="sm-140">
         <name>_DIP3Stat</name>
         <value>0x4542</value>
         <object_component_ref idref="oc-20"/>
      </symbol>
      <symbol id="sm-141">
         <name>_c_int4</name>
         <value>0x1768</value>
         <object_component_ref idref="oc-22"/>
      </symbol>
      <symbol id="sm-142">
         <name>_stopListening</name>
         <value>0xea8</value>
         <object_component_ref idref="oc-6b"/>
      </symbol>
      <symbol id="sm-143">
         <name>_ReadStatusDIP3</name>
         <value>0x1084</value>
         <object_component_ref idref="oc-6b"/>
      </symbol>
      <symbol id="sm-144">
         <name>_ReadStatusDIP2</name>
         <value>0x1180</value>
         <object_component_ref idref="oc-6b"/>
      </symbol>
      <symbol id="sm-145">
         <name>_ReadStatusDIP1</name>
         <value>0x112c</value>
         <object_component_ref idref="oc-6b"/>
      </symbol>
      <symbol id="sm-146">
         <name>_ReadStatusDIP0</name>
         <value>0x10d8</value>
         <object_component_ref idref="oc-6b"/>
      </symbol>
      <symbol id="sm-147">
         <name>_DIP2Stat</name>
         <value>0x4548</value>
         <object_component_ref idref="oc-20"/>
      </symbol>
      <symbol id="sm-148">
         <name>_prob_4</name>
         <value>0x1060</value>
         <object_component_ref idref="oc-6b"/>
      </symbol>
      <symbol id="sm-149">
         <name>_out_buffer</name>
         <value>0x4140</value>
         <object_component_ref idref="oc-20"/>
      </symbol>
      <symbol id="sm-14a">
         <name>_configAndStartTimer</name>
         <value>0xf94</value>
         <object_component_ref idref="oc-6b"/>
      </symbol>
      <symbol id="sm-14b">
         <name>_fs</name>
         <value>0x4120</value>
         <object_component_ref idref="oc-20"/>
      </symbol>
      <symbol id="sm-14c">
         <name>_sine_table</name>
         <value>0x4130</value>
         <object_component_ref idref="oc-20"/>
      </symbol>
      <symbol id="sm-14d">
         <name>_Initwrite</name>
         <value>0xec8</value>
         <object_component_ref idref="oc-6b"/>
      </symbol>
      <symbol id="sm-14e">
         <name>_buffer</name>
         <value>0x80000000</value>
         <object_component_ref idref="oc-21"/>
      </symbol>
      <symbol id="sm-14f">
         <name>_sw0</name>
         <value>0x455c</value>
         <object_component_ref idref="oc-20"/>
      </symbol>
      <symbol id="sm-150">
         <name>_nbSon</name>
         <value>0x4560</value>
         <object_component_ref idref="oc-20"/>
      </symbol>
      <symbol id="sm-151">
         <name>_tempor</name>
         <value>0x454c</value>
         <object_component_ref idref="oc-20"/>
      </symbol>
      <symbol id="sm-152">
         <name>_loopindex</name>
         <value>0x4128</value>
         <object_component_ref idref="oc-20"/>
      </symbol>
      <symbol id="sm-153">
         <name>_j</name>
         <value>0x4558</value>
         <object_component_ref idref="oc-20"/>
      </symbol>
      <symbol id="sm-154">
         <name>_i</name>
         <value>0x4568</value>
         <object_component_ref idref="oc-20"/>
      </symbol>
      <symbol id="sm-160">
         <name>_c_int00</name>
         <value>0x2e00</value>
         <object_component_ref idref="oc-e"/>
      </symbol>
      <symbol id="sm-161">
         <name>__stack</name>
         <value>0x3120</value>
         <object_component_ref idref="oc-27"/>
      </symbol>
      <symbol id="sm-171">
         <name>C$$EXIT</name>
         <value>0x30e0</value>
         <object_component_ref idref="oc-74"/>
      </symbol>
      <symbol id="sm-172">
         <name>_exit</name>
         <value>0x2880</value>
         <object_component_ref idref="oc-6a"/>
      </symbol>
      <symbol id="sm-173">
         <name>___TI_enable_exit_profile_output</name>
         <value>0x4744</value>
         <object_component_ref idref="oc-2c"/>
      </symbol>
      <symbol id="sm-174">
         <name>_abort</name>
         <value>0x30e0</value>
         <object_component_ref idref="oc-74"/>
      </symbol>
      <symbol id="sm-175">
         <name>__cleanup_ptr</name>
         <value>0x473c</value>
         <object_component_ref idref="oc-2c"/>
      </symbol>
      <symbol id="sm-176">
         <name>__dtors_ptr</name>
         <value>0x4740</value>
         <object_component_ref idref="oc-2c"/>
      </symbol>
      <symbol id="sm-180">
         <name>__args_main</name>
         <value>0x2f80</value>
         <object_component_ref idref="oc-69"/>
      </symbol>
      <symbol id="sm-181">
         <name>__TI_args_main</name>
         <value>0x1</value>
      </symbol>
      <symbol id="sm-18b">
         <name>__auto_init</name>
         <value>0x26a0</value>
         <object_component_ref idref="oc-68"/>
      </symbol>
      <symbol id="sm-195">
         <name>___TI_cpp_init</name>
         <value>0x2d80</value>
         <object_component_ref idref="oc-73"/>
      </symbol>
      <symbol id="sm-19f">
         <name>_copy_in</name>
         <value>0x2960</value>
         <object_component_ref idref="oc-71"/>
      </symbol>
      <symbol id="sm-1a9">
         <name>_memcpy</name>
         <value>0x1da0</value>
         <object_component_ref idref="oc-72"/>
      </symbol>
      <symbol id="sm-1c5">
         <name>__IRQ_eventTable</name>
         <value>0x4598</value>
         <object_component_ref idref="oc-40"/>
      </symbol>
      <symbol id="sm-1c6">
         <name>_IRQ_nmiEnable</name>
         <value>0x3020</value>
         <object_component_ref idref="oc-7f"/>
      </symbol>
      <symbol id="sm-1c7">
         <name>_IRQ_reset</name>
         <value>0x2f40</value>
         <object_component_ref idref="oc-7d"/>
      </symbol>
      <symbol id="sm-1c8">
         <name>__IRQ_intTable</name>
         <value>0x461c</value>
         <object_component_ref idref="oc-40"/>
      </symbol>
      <symbol id="sm-1c9">
         <name>_IRQ_globalEnable</name>
         <value>0x3000</value>
         <object_component_ref idref="oc-7e"/>
      </symbol>
      <symbol id="sm-1ca">
         <name>_IRQ_globalDisable</name>
         <value>0x2fe0</value>
         <object_component_ref idref="oc-7a"/>
      </symbol>
      <symbol id="sm-1cb">
         <name>_IRQ_map</name>
         <value>0x1fe0</value>
         <object_component_ref idref="oc-7c"/>
      </symbol>
      <symbol id="sm-1cc">
         <name>_IRQ_enable</name>
         <value>0x2f00</value>
         <object_component_ref idref="oc-80"/>
      </symbol>
      <symbol id="sm-1cd">
         <name>__IRQ_dispatchTable</name>
         <value>0x465c</value>
         <object_component_ref idref="oc-40"/>
      </symbol>
      <symbol id="sm-1ce">
         <name>__IRQ_hookFetchPacket</name>
         <value>0x3100</value>
         <object_component_ref idref="oc-3e"/>
      </symbol>
      <symbol id="sm-1ee">
         <name>_MCBSP_reset</name>
         <value>0x21a0</value>
         <object_component_ref idref="oc-81"/>
      </symbol>
      <symbol id="sm-1ef">
         <name>_MCBSP_read</name>
         <value>0x3060</value>
         <object_component_ref idref="oc-79"/>
      </symbol>
      <symbol id="sm-1f0">
         <name>_MCBSP_close</name>
         <value>0x2ba0</value>
         <object_component_ref idref="oc-6e"/>
      </symbol>
      <symbol id="sm-1f1">
         <name>_MCBSP_getXmtEventId</name>
         <value>0x3040</value>
         <object_component_ref idref="oc-7b"/>
      </symbol>
      <symbol id="sm-1f2">
         <name>_MCBSP_open</name>
         <value>0x24a0</value>
         <object_component_ref idref="oc-6f"/>
      </symbol>
      <symbol id="sm-1f3">
         <name>__MCBSP_hDev0</name>
         <value>0x46ec</value>
         <object_component_ref idref="oc-45"/>
      </symbol>
      <symbol id="sm-1f4">
         <name>__MCBSP_hDev1</name>
         <value>0x46f0</value>
         <object_component_ref idref="oc-45"/>
      </symbol>
      <symbol id="sm-1f5">
         <name>_MCBSP_start</name>
         <value>0x25a0</value>
         <object_component_ref idref="oc-70"/>
      </symbol>
      <symbol id="sm-1f6">
         <name>_MCBSP_rrdy</name>
         <value>0x3080</value>
         <object_component_ref idref="oc-78"/>
      </symbol>
      <symbol id="sm-1f7">
         <name>_MCBSP_config</name>
         <value>0x2c40</value>
         <object_component_ref idref="oc-75"/>
      </symbol>
      <symbol id="sm-1f8">
         <name>_MCBSP_xrdy</name>
         <value>0x30c0</value>
         <object_component_ref idref="oc-76"/>
      </symbol>
      <symbol id="sm-1f9">
         <name>_MCBSP_write</name>
         <value>0x30a0</value>
         <object_component_ref idref="oc-77"/>
      </symbol>
      <symbol id="sm-207">
         <name>_DSK6713_init</name>
         <value>0x122c</value>
         <object_component_ref idref="oc-49"/>
      </symbol>
      <symbol id="sm-208">
         <name>_DSK6713_version</name>
         <value>0x4750</value>
         <object_component_ref idref="oc-4a"/>
      </symbol>
      <symbol id="sm-209">
         <name>_DSK6713_rget</name>
         <value>0x1548</value>
         <object_component_ref idref="oc-49"/>
      </symbol>
      <symbol id="sm-20a">
         <name>_DSK6713_wait</name>
         <value>0x1570</value>
         <object_component_ref idref="oc-49"/>
      </symbol>
      <symbol id="sm-20b">
         <name>_DSK6713_rset</name>
         <value>0x155c</value>
         <object_component_ref idref="oc-49"/>
      </symbol>
      <symbol id="sm-20c">
         <name>_DSK6713_waitusec</name>
         <value>0x15c8</value>
         <object_component_ref idref="oc-49"/>
      </symbol>
      <symbol id="sm-20d">
         <name>_DSK6713_getVersion</name>
         <value>0x15f4</value>
         <object_component_ref idref="oc-49"/>
      </symbol>
      <symbol id="sm-217">
         <name>_DSK6713_AIC23_closeCodec</name>
         <value>0x2e80</value>
         <object_component_ref idref="oc-4f"/>
      </symbol>
      <symbol id="sm-225">
         <name>_DSK6713_AIC23_codeccontrolhandle</name>
         <value>0x4748</value>
         <object_component_ref idref="oc-54"/>
      </symbol>
      <symbol id="sm-226">
         <name>_DSK6713_AIC23_codecdatahandle</name>
         <value>0x474c</value>
         <object_component_ref idref="oc-54"/>
      </symbol>
      <symbol id="sm-227">
         <name>_DSK6713_AIC23_openCodec</name>
         <value>0x1a80</value>
         <object_component_ref idref="oc-53"/>
      </symbol>
      <symbol id="sm-235">
         <name>_DSK6713_AIC23_config</name>
         <value>0x2400</value>
         <object_component_ref idref="oc-59"/>
      </symbol>
      <symbol id="sm-236">
         <name>_DSK6713_AIC23_rget</name>
         <value>0x23dc</value>
         <object_component_ref idref="oc-59"/>
      </symbol>
      <symbol id="sm-237">
         <name>_DSK6713_AIC23_rset</name>
         <value>0x2340</value>
         <object_component_ref idref="oc-59"/>
      </symbol>
      <symbol id="sm-245">
         <name>_DSK6713_AIC23_setFreq</name>
         <value>0x2a20</value>
         <object_component_ref idref="oc-5f"/>
      </symbol>
      <symbol id="sm-24d">
         <name>__strasg</name>
         <value>0x27a0</value>
         <object_component_ref idref="oc-6d"/>
      </symbol>
   </symbol_table>
</link_info>
